Timestamp,Category,Question,Answer,FeedbackType,Comment,ReferencedFiles
2026-06-10 23:27:51,계약,S2B 수의계약 한도가 어떻게 되나요?,"종합공사는 4억원 이하, 전문공사는 2억원 이하입니다.",like,,"1.서울특별시교육청 계약업무 처리지침 - 5p, 1.서울특별시교육청 계약업무 처리지침 - 6p"
2026-06-10 23:27:51,감사,학교 자율 감사 주기는 어떻게 되나요?,학교 자율 감사 주기는 매년 1회 실시해야 합니다.,dislike,자율 감사는 2년에 1회 실시하는 것이 맞습니다. 지침서 내용이 잘못 분석되었습니다.,2026년 학교자율 종합감사 운영매뉴얼 - 12p
2026-06-12 07:51:49,학교운영위원회,학운위 필수 안건은 뭐가 있어,"학교운영위원회(이하 학운위)의 심의 안건은 「초·중등교육법」 및 각 시·도 조례에 따라 학교 운영의 자율성과 투명성을 확보하기 위해 필수적으로 거쳐야 하는 사항들입니다. 서울특별시교육청의 업무 지침을 바탕으로 주요 필수 안건을 정리해 드립니다.

### 💡 핵심 요약 (3대 지침 요점)
1. **예·결산 심의:** 학교회계 예산안 및 결산안은 학운위의 가장 핵심적인 필수 심의 사항입니다.
2. **학교 교육과정 및 학칙:** 학교 교육과정 운영 계획과 학칙 제·개정은 학교 운영의 근간이 되므로 반드시 심의를 거쳐야 합니다.
3. **수익자부담경비:** 학부모가 경비를 부담하는 사항(현장체험학습, 방과후학교 등)은 필수 심의 대상입니다.

---

### 🔍 상세 해설 및 분석

학운위의 심의 안건은 학교 운영의 전반을 아우르며, 특히 학생·학부모의 권익과 직결되는 사항은 반드시 심의를 거쳐야 합니다.

*   **1. 예산 및 회계 관련 (필수)**
    *   **학교회계 예산안 및 결산:** 학교의 모든 수입과 지출을 담은 예산안과, 학년도 종료 후의 결산 결과는 학운위의 심의를 거쳐야 합니다. [(2026 학교운영위원회 업무편람.pdf - 144p)]
    *   **예·결산 소위원회:** 예산안과 결산안의 효율적인 심사를 위해 '예·결산 소위원회'를 구성하여 심사하는 것이 필수입니다. [(2026 학교운영위원회 업무편람.pdf - 74p)]

*   **2. 교육과정 및 학칙 관련 (필수)**
    *   **학교 교육과정 운영 계획:** 학교의 교육 목표와 교육과정 편성·운영에 관한 사항은 학운위의 심의를 통해 학교 구성원의 의견을 반영합니다.
    *   **학칙 제·개정:** 학생의 생활지도와 관련된 학칙의 제정 및 개정 시 학운위의 심의가 필수적입니다.

*   **3. 수익자부담경비 및 학생 관련 (필수)**
    *   **학부모 경비 부담 사항:** 수학여행, 수련활동 등 학부모가 경비를 부담하는 사업은 사전에 학부모 의견을 수렴하고 학운위 심의를 거쳐야 합니다. [(2026 학교운영위원회 업무편람.pdf - 162p)]
    *   **방과후학교 및 급식:** 방과후학교 운영 계획 및 학교 급식 운영에 관한 사항도 학운위의 심의 대상입니다. 특히 학부모 경비가 포함된 경우 더욱 엄격한 심의가 요구됩니다. [(2026 학교운영위원회 업무편람.pdf - 156p)]

*   **4. 기타 필수 심의 사항**
    *   **학교 운영 지원:** 학교 운영에 관한 제안 사항 및 학교 발전기금의 조성·운용 및 사용에 관한 사항.
    *   **기타 법령 및 조례:** 법령이나 조례에서 학운위의 심의를 거치도록 규정한 사항들.

**[업무 유의사항]**
*   **안건 상정 절차:** 안건은 한 번에 하나씩 상정하여 '제안 설명 → 질의·답변 → 토론 → 표결'의 과정을 거치는 것이 원칙입니다. 다만, 경미한 안건은 위원장의 판단하에 일괄 상정할 수 있으나, **표결은 반드시 1건씩 독립적으로 처리**해야 합니다. [(2026 학교운영위원회 업무편람.pdf - 173p)]
*   **의견 수렴:** 학부모 경비 부담 사항이나 학생 생활과 밀접한 안건은 심의 전 반드시 학부모 의견을 수렴하고, 필요시 학생 대표의 의견을 청취해야 합니다. [(2026 학교운영위원회 업무편람.pdf - 156p)]
*   **회의 공개:** 학운위 회의는 공개가 원칙이며, 사전에 가정통신문이나 홈페이지를 통해 회의 일자와 안건을 공지하여 학부모와 지역주민이 참관할 수 있도록 해야 합니다. [(2026 학교운영위원회 업무편람.pdf - 156p)]",like,,"2026 학교운영위원회 업무편람.pdf - 173p (분할 2), 2026 학교운영위원회 업무편람.pdf - 288p (분할 1), 2026 학교운영위원회 업무편람.pdf - 144p (분할 2), 2026 학교운영위원회 업무편람.pdf - 74p (분할 3), 2026 학교운영위원회 업무편람.pdf - 162p (분할 2), 2026 학교운영위원회 업무편람.pdf - 167p (분할 2), 2026 학교운영위원회 업무편람.pdf - 162p (분할 1), 2026 학교운영위원회 업무편람.pdf - 163p (분할 2)"
